Tipo de Documento,Referencia / Factura,Importe de factura,Descuento,Motivo del descuento,Pago Neto,Comentarios
Factura,PMP1261243,682298.0,,,682298.0,
Factura,PMP1260881,4914495.0,,,4914495.0,
Factura,PMP1261044,6046853.0,,,6046853.0,
Factura,PMP1261046,6047100.0,,,6047100.0,
Factura,PMP1260884,11742583.0,,,11742583.0,
Factura,PMP1260876,6763925.0,,,6763925.0,
Factura,PMP1260873,872075.0,,,872075.0,
Factura,PMP1260877,1622811.0,,,1622811.0,
Factura,PMP1261041,4141570.0,,,4141570.0,
Factura,PMP1261045,11166499.0,,,11166499.0,
Factura,PMP1262522,25012675.0,,,25012675.0,
Factura,PMP1261256,39754643.0,,,39754643.0,
Factura,PMP1261245,3040687.0,,,3040687.0,
Factura,PMP1263181,7695987.0,,,7695987.0,
Factura,PMP1263179,35773403.0,,,35773403.0,
Factura,PMP1260880,4417099.0,,,4417099.0,
Factura,PMP1263175,45540627.0,,,45540627.0,
Factura,PMP1263183,2732442.0,,,2732442.0,
Factura,PMP1263182,5208157.0,,,5208157.0,
Factura,PMP1263210,3308063.0,,,3308063.0,
Factura,PMP1260957,8504792.0,,,8504792.0,
Factura,PMP1260954,7709543.0,,,7709543.0,
Factura,PMP1263882,16363340.0,,,16363340.0,
Factura,PMP1264012,2868960.0,,,2868960.0,
Factura,PMP1263884,1412557.0,,,1412557.0,
Factura,PMP1264010,26286235.0,,,26286235.0,
Factura,PMP1263883,4253095.0,,,4253095.0,
Factura,PMP1264008,3539182.0,,,3539182.0,
Factura,PMP1263878,7368618.0,,,7368618.0,
Factura,PMP1264006,1461801.0,,,1461801.0,
Factura,PMP1263877,13793623.0,,,13793623.0,
Factura,PMP1261254,22283738.0,,,22283738.0,
Factura,PMP1263306,4614720.0,,,4614720.0,
Factura,PMP1262826,1585505.0,,,1585505.0,
Factura,PMP1264011,10268050.0,,,10268050.0,
Factura,PMP1261462,59073954.0,,,59073954.0,
Factura,PMP1262538,3479750.0,,,3479750.0,
Factura,PMP1262545,263999.0,,,263999.0,
Factura,PMP1262541,1958696.0,,,1958696.0,
Factura,PMP1262546,88553119.0,,,88553119.0,
Factura,PMP1262543,2714814.0,,,2714814.0,
Factura,PMP1262542,10091276.0,,,10091276.0,
Factura,PMP1262540,142292298.0,,,142292298.0,
Factura,PMP1262544,4997444.0,,,4997444.0,
Factura,PMP1261153,26972160.0,,,26972160.0,
Factura,PMP1261152,50723901.0,,,50723901.0,
Factura,PMP1261154,62911264.0,,,62911264.0,
Factura,PMP1261150,54371976.0,,,54371976.0,
Factura,PMP1261145,3008143.0,,,3008143.0,
Factura,PMP1261144,516479.0,,,516479.0,
Factura,PMP1259499,126548032.0,,,126548032.0,
Factura,PMP1259496,61449548.0,,,61449548.0,
Factura,PMP1263885,5707479.0,,,5707479.0,
Factura,PMP1260709,263778713.0,,,263778713.0,
Factura,PMP1260710,71237997.0,,,71237997.0,
Factura,PMP1261142,73546167.0,,,73546167.0,
Factura,PMP1261143,20444618.0,,,20444618.0,
Factura,PMP1261060,91910991.0,,,91910991.0,
Factura,PMP1262560,831315.0,,,831315.0,
Factura,PMP1261061,222933445.0,,,222933445.0,
Factura,PMP1260534,125729767.0,,,125729767.0,
Factura,PMP1260539,32984896.0,,,32984896.0,
Factura,PMP1260777,41329295.0,,,41329295.0,
Factura,PMP1260775,52006588.0,,,52006588.0,
Factura,PMP1260776,8427045.0,,,8427045.0,
Factura,PMP1260774,106898928.0,,,106898928.0,
Factura,PMP1258396,16787232.0,,,16787232.0,
Factura,PMP1261288,38763949.0,,,38763949.0,
Factura,PMP1261287,44266859.0,,,44266859.0,
Factura,PMP1261285,11745459.0,,,11745459.0,
Factura,PMP1262524,26460770.0,,,26460770.0,
Factura,PMP1262525,141099.0,,,141099.0,
Factura,PMP1262527,1370816.0,,,1370816.0,
Factura,PMP1262526,51092396.0,,,51092396.0,
Factura,PMP1259913,19538171.0,,,19538171.0,
Factura,PMP1259909,4270576.0,,,4270576.0,
Factura,PMP1259908,33892279.0,,,33892279.0,
Factura,PMP1260887,59361042.0,,,59361042.0,
Factura,PMP1262519,1119988.0,,,1119988.0,
Factura,PMP1262518,1721495.0,,,1721495.0,
Factura,PMP1262523,2732442.0,,,2732442.0,
Factura,PMP1262558,399759.0,,,399759.0,
Factura,PMP1261248,2765668.0,,,2765668.0,
Factura,PMP1260353,112708638.0,,,112708638.0,
Factura,PMP1260107,1382313.0,,,1382313.0,
Factura,PMP1260356,263999.0,,,263999.0,
Factura,PMP1260355,5972174.0,,,5972174.0,
Factura,PMP1260948,1163314.0,,,1163314.0,
Factura,PMP1260956,1875597.0,,,1875597.0,
Factura,PMP1261958,682087.0,,,682087.0,
Factura,PMP1260349,17991243.0,,,17991243.0,
Factura,PMP1260352,693808.0,,,693808.0,
Factura,PMP1260357,54957473.0,,,54957473.0,
Factura,PMP1263173,134348683.0,,,134348683.0,
Factura,PMP1261284,14507153.0,,,14507153.0,
Factura,PMP1261466,7043707.0,,,7043707.0,
Factura,PMP1261456,24551260.0,,,24551260.0,
Factura,PMP1260793,167440.0,,,167440.0,
Factura,PMP1263298,107500.0,,,107500.0,
Factura,PMP1262825,322701.0,,,322701.0,
Factura,PMP1263299,35718209.0,,,35718209.0,
Factura,PMP1263301,21020769.0,,,21020769.0,
Factura,PMP1263302,1325774.0,,,1325774.0,
Factura,PMP1261468,1909143.0,,,1909143.0,
Factura,PMP1263303,1591865.0,,,1591865.0,
Factura,PMP1261253,1119499.0,,,1119499.0,
Factura,PMP1261242,9983826.0,,,9983826.0,
Factura,PMP1261241,354044.0,,,354044.0,
Factura,PMP1261251,5680104.0,,,5680104.0,
Factura,PMP1261240,73967984.0,,,73967984.0,
Factura,PMP1261249,1461872.0,,,1461872.0,
Factura,PMP1261255,4202677.0,,,4202677.0,
Factura,PMP1263204,16394847.0,,,16394847.0,
Factura,PMP1261257,3309977.0,,,3309977.0,
Factura,PMP1263201,7630878.0,,,7630878.0,
Factura,PMP1261252,8597589.0,,,8597589.0,
Factura,PMP1261824,765394.0,,,765394.0,
Factura,PMP1263209,472778.0,,,472778.0,
Factura,PMP1263180,76077067.0,,,76077067.0,
Factura,PMP1263178,1594089.0,,,1594089.0,
Factura,PMP1265174,1207897.0,,,1207897.0,
Factura,PMP1264581,2006400.0,,,2006400.0,
Factura,PMP1264574,5345835.0,,,5345835.0,
Factura,PMP1265170,33943001.0,,,33943001.0,
Factura,PMP1265172,4310000.0,,,4310000.0,
Factura,PMP1264582,7381283.0,,,7381283.0,
Factura,PMP1263738,34861683.0,,,34861683.0,
Factura,PMP1263745,11674857.0,,,11674857.0,
Factura,PMP1263747,1907335.0,,,1907335.0,
Factura,PMP1263954,4355873.0,,,4355873.0,
Factura,PMP1263990,2326870.0,,,2326870.0,
Factura,PMP1261105,328714.0,,,328714.0,
Factura,PMP1263959,4397468.0,,,4397468.0,
Factura,PMP1263958,5577777.0,,,5577777.0,
Factura,PMP1264584,5579983.0,,,5579983.0,
Factura,PMP1263957,15882697.0,,,15882697.0,
Factura,PMP1264663,1151060.0,,,1151060.0,
Factura,PMP1264756,2282122.0,,,2282122.0,
Factura,PMP1264664,866993.0,,,866993.0,
Factura,PMP1264606,5446465.0,,,5446465.0,
Factura,PMP1264604,1604289.0,,,1604289.0,
Factura,PMP1264030,1743207.0,,,1743207.0,
Factura,PMP1264755,35833811.0,,,35833811.0,
Factura,PMP1264665,2010500.0,,,2010500.0,
Factura,PMP1264718,3104789.0,,,3104789.0,
Factura,PMP1264667,4012800.0,,,4012800.0,
Factura,PMP1264666,802560.0,,,802560.0,
Factura,PMP1265024,3252180.0,,,3252180.0,
Factura,PMP1265025,4015848.0,,,4015848.0,
Factura,PMP1263743,32935327.0,,,32935327.0,
Factura,PMP1264757,182154.0,,,182154.0,
Factura,PMP1265173,22094431.0,,,22094431.0,
Factura,PMP1264583,6375699.0,,,6375699.0,
Factura,PMP1264576,2427599.0,,,2427599.0,
Factura,PMP1265177,1264760.0,,,1264760.0,
Factura,PMP1264585,19348155.0,,,19348155.0,
Factura,PMP1265175,436681.0,,,436681.0,
Factura,PMP1265296,2257271.0,,,2257271.0,
Factura,PMP1260878,38050055.0,,,38050055.0,
Factura,PMP1260888,5185565.0,,,5185565.0,
Factura,PMP1260883,7102698.0,,,7102698.0,
Factura,PMP1263960,7739089.0,,,7739089.0,
Factura,PMP1262520,8022105.0,,,8022105.0,
Factura,PMP1265119,4816159.0,,,4816159.0,
Factura,PMP1265103,1539204.0,,,1539204.0,
Factura,PMP1265113,2732442.0,,,2732442.0,
Factura,PMP1265116,1352342.0,,,1352342.0,
Factura,PMP1261106,9005604.0,,,9005604.0,
Factura,PMP1261107,6653663.0,,,6653663.0,
Factura,PMP1265112,987870.0,,,987870.0,
Factura,PMP1263989,4541141.0,,,4541141.0,
Factura,PMP1264575,103589405.0,,,103589405.0,
Factura,PMP1265171,131122955.0,,,131122955.0,
Factura,PMP1264579,19895720.0,,,19895720.0,
Factura,PMP1264578,9562980.0,,,9562980.0,
Factura,PMP1265176,2586726.0,,,2586726.0,
Factura,PMP1263742,1877974.0,,,1877974.0,
Factura,PMP1264573,16415479.0,,,16415479.0,
Factura,PMP1264572,137560037.0,,,137560037.0,
Factura,PMP1262529,15501622.0,,,15501622.0,
Factura,PMP1263987,9858238.0,,,9858238.0,
Factura,PMP1265100,1278352.0,,,1278352.0,
Factura,PMP1262528,1789266.0,,,1789266.0,
Factura,PMP1263300,24133998.0,,,24133998.0,
Factura,PMP1263741,1097672.0,,,1097672.0,
Factura,PMP1263307,115992.0,,,115992.0,
Factura,PMP1263692,12547855.0,,,12547855.0,
Factura,PMP1262996,1859993.0,,,1859993.0,
Factura,PMP1263685,3403101.0,,,3403101.0,
Factura,PMP1263018,23796843.0,,,23796843.0,
Factura,PMP1263913,1543752.0,,,1543752.0,
Factura,PMP1263683,1007288.0,,,1007288.0,
Factura,PMP1262997,1275908.0,,,1275908.0,
Factura,PMP1263015,20614997.0,,,20614997.0,
Factura,PMP1263021,1095563.0,,,1095563.0,
Factura,PMP1263686,27486765.0,,,27486765.0,
Factura,PMP1263001,7932357.0,,,7932357.0,
Factura,PMP1263023,919994.0,,,919994.0,
Factura,PMP1263988,22611865.0,,,22611865.0,
Factura,PMP1263984,3193776.0,,,3193776.0,
Factura,PMP1262993,8059275.0,,,8059275.0,
Factura,PMP1263914,5181176.0,,,5181176.0,
Factura,PMP1262999,7787629.0,,,7787629.0,
Factura,PMP1261244,2096660.0,,,2096660.0,
Factura,PMP1261247,1675042.0,,,1675042.0,
Factura,PMP1261246,14783526.0,,,14783526.0,
Factura,PMP1261250,38769192.0,,,38769192.0,
Factura,PMP1261258,5172271.0,,,5172271.0,
Factura,PMP1261259,521963.0,,,521963.0,
Factura,PMP1263000,179998.0,,,179998.0,
Factura,PMP1263020,1115515.0,,,1115515.0,
Factura,PMP1263912,15545355.0,,,15545355.0,
Factura,PMP1263022,3931978.0,,,3931978.0,
Factura,PMP1263915,48278612.0,,,48278612.0,
Factura,PMP1262998,2371338.0,,,2371338.0,
Factura,PMP1263024,9038969.0,,,9038969.0,
Factura,PMP1263911,1430354.0,,,1430354.0,
Factura,PMP1263916,95000.0,,,95000.0,
Factura,PMP1263176,2908729.0,,,2908729.0,
Factura,PMP1263690,3274174.0,,,3274174.0,
Factura,PMP1263304,4821281.0,,,4821281.0,
Factura,PMP1263744,1135391.0,,,1135391.0,
Factura,PMP1263305,5616514.0,,,5616514.0,
Factura,PMP1263297,11925598.0,,,11925598.0,
Factura,PMP1263739,156598.0,,,156598.0,
Factura,PMP1265027,929710.0,,,929710.0,
Factura,PMP1265022,2057497.0,,,2057497.0,
Factura,PMP1261463,34846859.0,,,34846859.0,
Factura,PMP1265021,12959763.0,,,12959763.0,
Factura,PMP1265018,3292263.0,,,3292263.0,
Factura,PMP1259923,1530365.0,,,1530365.0,
Factura,PMP1259920,11257940.0,,,11257940.0,
Factura,PMP1259918,2788800.0,,,2788800.0,
Factura,PMP1258656,16368900.0,,,16368900.0,
Factura,PMP1260345,105239728.0,,,105239728.0,
Factura,PMP1260347,10277530.0,,,10277530.0,
Factura,PMP1260346,51971015.0,,,51971015.0,
Factura,PMP1258559,2181697.0,,,2181697.0,
Factura,PMP1258586,1774936.0,,,1774936.0,
Factura,PMP1259554,2988000.0,,,2988000.0,
Factura,PMP1259551,46202753.0,,,46202753.0,
Factura,PMP1259552,2579996.0,,,2579996.0,
Factura,PMP1259553,12717600.0,,,12717600.0,
Factura,PMP1258475,13226304.0,,,13226304.0,
Factura,PMP1258471,967499.0,,,967499.0,
Factura,PMP1260354,51715712.0,,,51715712.0,
Factura,PMP1260348,32167338.0,,,32167338.0,
Factura,PMP1258647,3425988.0,,,3425988.0,
Factura,PMP1259906,9810792.0,,,9810792.0,
Factura,PMP1258662,4624043.0,,,4624043.0,
Factura,PMP1259910,1859032.0,,,1859032.0,
Factura,PMP1261140,11470963.0,,,11470963.0,
Factura,PMP1261052,5887493.0,,,5887493.0,
Factura,PMP1261051,104794742.0,,,104794742.0,
Factura,PMP1260787,323725.0,,,323725.0,
Factura,PMP1261053,9883347.0,,,9883347.0,
Factura,PMP1260792,5103111.0,,,5103111.0,
Factura,PMP1261141,60391384.0,,,60391384.0,
Factura,PMP1261054,3555063.0,,,3555063.0,
Factura,PMP1260767,10889985.0,,,10889985.0,
Factura,PMP1260769,8274825.0,,,8274825.0,
Factura,PMP1260770,1741132.0,,,1741132.0,
Factura,PMP1260773,3977494.0,,,3977494.0,
Factura,PMP1260350,10167541.0,,,10167541.0,
Factura,PMP1260711,14955178.0,,,14955178.0,
Factura,PMP1260708,79342844.0,,,79342844.0,
Factura,PMP1260160,18083860.0,,,18083860.0,
Factura,PMP1260772,854147.0,,,854147.0,
Factura,PMP1258251,12717600.0,,,12717600.0,
Factura,PMP1258252,1182498.0,,,1182498.0,
Factura,PMP1258253,1195200.0,,,1195200.0,
Factura,PMP1260351,135663820.0,,,135663820.0,
Factura,PMP1258585,1980988.0,,,1980988.0,
Factura,PMP1260768,7167413.0,,,7167413.0,
Factura,PMP1264580,12864678.0,,,12864678.0,
Factura,PMP1264571,106597568.0,,,106597568.0,
Factura,PMP1264570,225138719.0,,,225138719.0,
Factura,PMP1264577,38219682.0,,,38219682.0,
Factura,PMP1263910,7691304.0,,,7691304.0,
Factura,PMP1263014,9721215.0,,,9721215.0,
Factura,PMP1263909,1452484.0,,,1452484.0,
Factura,PMP1263019,13008209.0,,,13008209.0,
Factura,PMP1262994,26445312.0,,,26445312.0,
Factura,PMP1262995,9159230.0,,,9159230.0,
Factura,PMP1263016,9695763.0,,,9695763.0,
Factura,PMP1263908,18462325.0,,,18462325.0,
Factura,PMP1263917,40073621.0,,,40073621.0,
Factura,PMP1260889,17035240.0,,,17035240.0,
Factura,PMP1263017,5231985.0,,,5231985.0,
Factura,PMP1263955,1894090.0,,,1894090.0,
Factura,PMP1263956,24369551.0,,,24369551.0,
Factura,PMP1263963,37104547.0,,,37104547.0,
Factura,PMP1265102,1263048.0,,,1263048.0,
Factura,PMP1265107,7002607.0,,,7002607.0,
Factura,PMP1263962,24581102.0,,,24581102.0,
Factura,PMP1263961,107511196.0,,,107511196.0,
Factura,PMP1264605,5678559.0,,,5678559.0,
Factura,PMP1264641,546722.0,,,546722.0,
Factura,PMP1265026,32934971.0,,,32934971.0,
Factura,PMP1265020,24740872.0,,,24740872.0,
Factura,PMP1258571,7730817.0,,,7730817.0,
Factura,PMP1260274,1771948.0,,,1771948.0,
Factura,PMP1263684,18409976.0,,,18409976.0,
Factura,PMP1259904,5234993.0,,,5234993.0,
Factura,PMP1258363,3401306.0,,,3401306.0,
Factura,PMP1264007,684711.0,,,684711.0,
Factura,PMP1265297,146560.0,,,146560.0,
Factura,PMP1265118,3104625.0,,,3104625.0,
Factura,PMP1262521,835209.0,,,835209.0,
Factura,PMP1266349,14446080.0,,,14446080.0,
Factura,PMP1266348,1101841.0,,,1101841.0,
Factura,PMP1266347,283856.0,,,283856.0,
Factura,PMP1265023,120493682.0,,,120493682.0,
Factura,PMP1266341,1698698.0,,,1698698.0,
Factura,PMP1265017,11821965.0,,,11821965.0,
Factura,PMP1265585,1628560.0,,,1628560.0,
Factura,PMP1265584,1145911.0,,,1145911.0,
Factura,PMP1263879,19724790.0,,,19724790.0,
Factura,PMP1263881,4152973.0,,,4152973.0,
Factura,PMP1264009,3740554.0,,,3740554.0,
Factura,PMP1263876,34088287.0,,,34088287.0,
Factura,PMP1266344,1936191.0,,,1936191.0,
Factura,PMP1266340,327171.0,,,327171.0,
Factura,PMP1263880,12163264.0,,,12163264.0,
Factura,PMP1260882,15482810.0,,,15482810.0,
Factura,PMP1260886,39952763.0,,,39952763.0,
Factura,PMP1260874,4368621.0,,,4368621.0,
Factura,PMP1260875,12387929.0,,,12387929.0,
Factura,PMP1265115,3854591.0,,,3854591.0,
Factura,PMP1265586,827341.0,,,827341.0,
Factura,PMP1265587,24768384.0,,,24768384.0,
Factura,PMP1264269,14378992.0,,,14378992.0,
Factura,PMP1266343,4554441.0,,,4554441.0,
Factura,PMP1266346,23749996.0,,,23749996.0,
Factura,PMP1266345,1722500.0,,,1722500.0,
Factura,PMP1258659,20001273.0,,,20001273.0,
Factura,PMP1261020,4810698.0,,,4810698.0,
Factura,PMP1259915,437396.0,,,437396.0,
Factura,PMP1261147,501528.0,,,501528.0,
Factura,PMP1261146,11524752.0,,,11524752.0,
Factura,PMP1262550,3116863.0,,,3116863.0,
Factura,PMP1262551,1821628.0,,,1821628.0,
Factura,PMP1260885,21245774.0,,,21245774.0,
Factura,PMP1260879,22687479.0,,,22687479.0,
Factura,PMP1261168,55391857.0,,,55391857.0,
Factura,PMP1261167,95000.0,,,95000.0,
Factura,PMP1261166,6277493.0,,,6277493.0,
Factura,PMP1261165,20921872.0,,,20921872.0,
Factura,PMP1261164,202103129.0,,,202103129.0,
Factura,PMP1260272,5835477.0,,,5835477.0,
Factura,PMP1261171,3752012.0,,,3752012.0,
Factura,PMP1261514,263010.0,,,263010.0,
Factura,PMP1261170,656095.0,,,656095.0,
Factura,PMP1261507,18795325.0,,,18795325.0,
Factura,PMP1261169,58109877.0,,,58109877.0,
Factura,PMP1259922,100243860.0,,,100243860.0,
Factura,PMP1259550,62712603.0,,,62712603.0,
Factura,PMP1259549,139310302.0,,,139310302.0,
Factura,PMP1261954,2495998.0,,,2495998.0,
Factura,PMP1261955,912728.0,,,912728.0,
Factura,PMP1262539,1690433.0,,,1690433.0,
Factura,PMP1261953,146560.0,,,146560.0,
Factura,PMP1262552,1710000.0,,,1710000.0,
Factura,PMP1262553,3187849.0,,,3187849.0,
Factura,PMP1262537,23361065.0,,,23361065.0,
Factura,PMP1261148,19149434.0,,,19149434.0,
Factura,PMP1261149,25407095.0,,,25407095.0,
Factura,PMP1261151,45056301.0,,,45056301.0,
Factura,PMP1261155,1190466.0,,,1190466.0,
Factura,PMP1259903,52582788.0,,,52582788.0,
Factura,PMP1262559,1834841.0,,,1834841.0,
Factura,PMP1259912,5520318.0,,,5520318.0,
Factura,PMP1260157,63170899.0,,,63170899.0,
Factura,PMP1260165,284564398.0,,,284564398.0,
Factura,PMP1260164,141698153.0,,,141698153.0,
Factura,PMP1260163,126055224.0,,,126055224.0,
Factura,PMP1260158,17484088.0,,,17484088.0,
Factura,PMP1260162,65776657.0,,,65776657.0,
Factura,PMP1261156,6557312.0,,,6557312.0,
Factura,PMP1261157,17904668.0,,,17904668.0,
Factura,PMP1261465,2427518.0,,,2427518.0,
Factura,PMP1261464,2290809.0,,,2290809.0,
Factura,PMP1262547,2214991.0,,,2214991.0,
Factura,PMP1261460,3726459.0,,,3726459.0,
Factura,PMP1261458,7252627.0,,,7252627.0,
Factura,PMP1261470,6533488.0,,,6533488.0,
Factura,PMP1261469,1513998.0,,,1513998.0,
Factura,PMP1261467,499995.0,,,499995.0,
Factura,PMP1261461,22070256.0,,,22070256.0,
Factura,PMP1261457,10848458.0,,,10848458.0,
Factura,PMP1261163,14629635.0,,,14629635.0,
Factura,PMP1261161,116195043.0,,,116195043.0,
Factura,PMP1261159,116599267.0,,,116599267.0,
Factura,PMP1261160,29675013.0,,,29675013.0,
Factura,PMP1261510,1246096.0,,,1246096.0,
Factura,PMP1260273,29329430.0,,,29329430.0,
Factura,PMP1261158,26126173.0,,,26126173.0,
Factura,PMP1261459,19991557.0,,,19991557.0,
Factura,PMP1262548,417500.0,,,417500.0,
Factura,PMP1261162,340000.0,,,340000.0,
Factura,PMP1260771,7513816.0,,,7513816.0,
Factura,PMP1261299,12871706.0,,,12871706.0,
Factura,PMP1261294,12932558.0,,,12932558.0,
Factura,PMP1261293,3446177.0,,,3446177.0,
Factura,PMP1261292,46414213.0,,,46414213.0,
Factura,PMP1261290,27782840.0,,,27782840.0,
Factura,PMP1261291,1098150.0,,,1098150.0,
Factura,PMP1261289,493560.0,,,493560.0,
Factura,PMP1261286,389931.0,,,389931.0,
Factura,PMP1261298,1152486.0,,,1152486.0,
Factura,PMP1261297,5370275.0,,,5370275.0,
Factura,PMP1262549,11193449.0,,,11193449.0,
Factura,PMP1261295,32998429.0,,,32998429.0,
Factura,PMP1259346,2946820.0,,,2946820.0,
Factura,PMP1259907,48666676.0,,,48666676.0,
Factura,PMP1258554,19068875.0,,,19068875.0,
Factura,PMP1258556,3026228.0,,,3026228.0,
Factura,PMP1260712,173693580.0,,,173693580.0,
Factura,PMP1260707,35979153.0,,,35979153.0,
Factura,PMP1260161,93442901.0,,,93442901.0,
Factura,PMP1260706,223168238.0,,,223168238.0,
Factura,PMP1260533,34291730.0,,,34291730.0,
Factura,PMP1260535,57509346.0,,,57509346.0,
Factura,PMP1260536,52750912.0,,,52750912.0,
Factura,PMP1260537,6120990.0,,,6120990.0,
Factura,PMP1259579,1072234.0,,,1072234.0,
Factura,PMP1259919,18873250.0,,,18873250.0,
Factura,PMP1259921,142941044.0,,,142941044.0,
Factura,PMP1259914,14230225.0,,,14230225.0,
Factura,PMP1258551,8050343.0,,,8050343.0,
Factura,PMP1259911,24076632.0,,,24076632.0,
Factura,PMP1261296,1820217.0,,,1820217.0,
Factura,PMP1260766,15316522.0,,,15316522.0,
Factura,PMP1260538,24637420.0,,,24637420.0,
Factura,PMP1261050,14528785.0,,,14528785.0,
Factura,PMP1261049,26144224.0,,,26144224.0,
Factura,PMP1259905,50633875.0,,,50633875.0,
Factura,PMP1259580,2181139.0,,,2181139.0,
Factura,PMP1260765,57121264.0,,,57121264.0,
Costo de Transferen,,-3000.0,,,-3000.0, 
DESCUENTO APERTURA,,-13150135.0,,,-13150135.0, 
DESCUENTO APERTURA,,-9442209.0,,,-9442209.0, 
DESCUENTO CALENDARI,,-158686933.0,,,-158686933.0, 
DESCUENTO CALENDARI,,-24081738.0,,,-24081738.0, 
DESCUENTO CALENDARI,,-1010672959.0,,,-1010672959.0, 
DESCUENTO CALENDARI,,-84288581.0,,,-84288581.0, 
DESCUENTO CALENDARI,,-17511394.0,,,-17511394.0, 
DESCUENTO CALENDARI,,-10323018.0,,,-10323018.0, 
DESCUENTO CALENDARI,,-6552730.0,,,-6552730.0, 
DESCUENTO CALENDARI,,-3080380.0,,,-3080380.0, 
DESCUENTO CALENDARI,,-356607695.0,,,-356607695.0, 
DESCUENTO CALENDARI,,-438106890.0,,,-438106890.0, 
DESCUENTO COMPRAS,,-466262.0,,,-466262.0, 
DSTO COMERCIAL FIJO,,-506034.0,,,-506034.0, 
DSTO COMERCIAL FIJO,,-1547325.0,,,-1547325.0, 
DSTO COMERCIAL FIJO,,-33107300.0,,,-33107300.0, 
DSTO COMERCIAL FIJO,,-31721576.0,,,-31721576.0, 
DSTO COMERCIAL FIJO,,-6993933.0,,,-6993933.0, 
DSTO COMERCIAL FIJO,,-34527086.0,,,-34527086.0, 
DSTO COMERCIAL FIJO,,-16870547.0,,,-16870547.0, 
DSTO COMERCIAL FIJO,,-209397.0,,,-209397.0, 
DSTO COMERCIAL FIJO,,-2025258.0,,,-2025258.0, 
DSTO COMERCIAL FIJO,,-18707898.0,,,-18707898.0, 
DSTO COMERCIAL FIJO,,-1458093.0,,,-1458093.0, 
DEVOLUCION MERCANCI AAAA-,,-677573.0,,,-677573.0, 
DEVOLUCION MERCANCI AAAA-,,-854757.0,,,-854757.0, 
DEVOLUCION MERCANCI AAAA-,,-349748.0,,,-349748.0, 
DEVOLUCION MERCANCI AAAA-,,-739367.0,,,-739367.0, 
DEVOLUCIONES,,-79532.0,,,-79532.0, 
DEVOLUCIONES,,-723024.0,,,-723024.0, 
DEVOLUCIONES,,-1563218.0,,,-1563218.0, 
DEVOLUCIONES,,-110470.0,,,-110470.0, 
DEVOLUCIONES,,-2959463.0,,,-2959463.0, 
DEVOLUCIONES,,-1418884.0,,,-1418884.0, 
DESCUENTO EN PRIMER,,-3104237.0,,,-3104237.0, 
FACTURA VENTA,VPP2 2019435,-2247592352.0,,,-2247592352.0, VPP2 2019435
DIF. COSTO/CANTIDAD,PMP1261958,-16873.0,,,-16873.0, PMP1261958
DIF. COSTO/CANTIDAD,PMP1259911,-423365.0,,,-423365.0, PMP1259911
DIF. COSTO/CANTIDAD,PMP1260538,-91095.0,,,-91095.0, PMP1260538
DIF. COSTO/CANTIDAD,PMP1259907,-135340.0,,,-135340.0, PMP1259907
DIF. COSTO/CANTIDAD,PMP1259905,-103957.0,,,-103957.0, PMP1259905
DIF. COSTO/CANTIDAD,PMP1259549,-212513.0,,,-212513.0, PMP1259549
DIF. COSTO/CANTIDAD,PMP1260274,-9733.0,,,-9733.0, PMP1260274
DIF. COSTO/CANTIDAD,PMP1261156,-91517.0,,,-91517.0, PMP1261156
DIF. COSTO/CANTIDAD,PMP1261157,-91070.0,,,-91070.0, PMP1261157
DIF. COSTO/CANTIDAD,PMP1259913,-177167.0,,,-177167.0, PMP1259913
DIF. COSTO/CANTIDAD,PMP1261160,-310289.0,,,-310289.0, PMP1261160
DIF. COSTO/CANTIDAD,PMP1260165,-235632.0,,,-235632.0, PMP1260165
DIF. COSTO/CANTIDAD,PMP1260273,-1003165.0,,,-1003165.0, PMP1260273
DIF. COSTO/CANTIDAD,PMP1261510,-88771.0,,,-88771.0, PMP1261510
DIF. COSTO/CANTIDAD,PMP1261159,-135655.0,,,-135655.0, PMP1261159
DIF. COSTO/CANTIDAD,PMP1259580,-290850.0,,,-290850.0, PMP1259580
DIF. COSTO/CANTIDAD,PMP1260349,-18277.0,,,-18277.0, PMP1260349
DIF. COSTO/CANTIDAD,PMP1260107,-773568.0,,,-773568.0, PMP1260107
DIF. COSTO/CANTIDAD,PMP1259912,-4462986.0,,,-4462986.0, PMP1259912
DIF. COSTO/CANTIDAD,PMP1261161,-270675.0,,,-270675.0, PMP1261161
DIF. COSTO/CANTIDAD,PMP1261050,-282236.0,,,-282236.0, PMP1261050
DIF. COSTO/CANTIDAD,PMP1260766,-183046.0,,,-183046.0, PMP1260766
DIF. COSTO/CANTIDAD,PMP1258585,-591402.0,,,-591402.0, PMP1258585
DIF. COSTO/CANTIDAD,PMP1258571,-259015.0,,,-259015.0, PMP1258571
DIF. COSTO/CANTIDAD,PMP1260350,-152458.0,,,-152458.0, PMP1260350
DIF. COSTO/CANTIDAD,PMP1259919,-91095.0,,,-91095.0, PMP1259919
DIF. COSTO/CANTIDAD,PMP1259921,-13663453.0,,,-13663453.0, PMP1259921
DIF. COSTO/CANTIDAD,PMP1259922,-3725515.0,,,-3725515.0, PMP1259922
DIF. COSTO/CANTIDAD,PMP1258659,-610870.0,,,-610870.0, PMP1258659
DIF. COSTO/CANTIDAD,PMP1258647,-258962.0,,,-258962.0, PMP1258647
DIF. COSTO/CANTIDAD,PMP1260765,-132119.0,,,-132119.0, PMP1260765
DIF. COSTO/CANTIDAD,PMP1258662,-158464.0,,,-158464.0, PMP1258662
DIF. COSTO/CANTIDAD,PMP1260712,-6209891.0,,,-6209891.0, PMP1260712
DIF. COSTO/CANTIDAD,PMP1258554,-221199.0,,,-221199.0, PMP1258554
DIF. COSTO/CANTIDAD,PMP1258551,-165235.0,,,-165235.0, PMP1258551
DIF. COSTO/CANTIDAD,PMP1260707,-94962.0,,,-94962.0, PMP1260707
DIF. COSTO/CANTIDAD,PMP1260161,-354991.0,,,-354991.0, PMP1260161
DIF. COSTO/CANTIDAD,PMP1261456,-391761.0,,,-391761.0, PMP1261456
DIF. COSTO/CANTIDAD,PMP1260771,-200657.0,,,-200657.0, PMP1260771
DIF. COSTO/CANTIDAD,PMP1261049,-200652.0,,,-200652.0, PMP1261049
DIF. COSTO/CANTIDAD,PMP1260706,-931769.0,,,-931769.0, PMP1260706
DIF. COSTO/CANTIDAD,PMP1264570,-612760.0,,,-612760.0, PMP1264570
DIF. COSTO/CANTIDAD,PMP1263961,-56122035.0,,,-56122035.0, PMP1263961
DIF. COSTO/CANTIDAD,PMP1261468,-91515.0,,,-91515.0, PMP1261468
DIF. COSTO/CANTIDAD,PMP1264572,-3228713.0,,,-3228713.0, PMP1264572
DIF. COSTO/CANTIDAD,PMP1261106,-279193.0,,,-279193.0, PMP1261106
DIF. COSTO/CANTIDAD,PMP1263987,-2012305.0,,,-2012305.0, PMP1263987
DIF. COSTO/CANTIDAD,PMP1263960,-91091.0,,,-91091.0, PMP1263960
DIF. COSTO/CANTIDAD,PMP1261107,-908177.0,,,-908177.0, PMP1261107
DIF. COSTO/CANTIDAD,PMP1263738,-558481.0,,,-558481.0, PMP1263738
DIF. COSTO/CANTIDAD,PMP1263747,-290849.0,,,-290849.0, PMP1263747
DIF. COSTO/CANTIDAD,PMP1264585,-200667.0,,,-200667.0, PMP1264585
DIF. COSTO/CANTIDAD,PMP1264576,-177428.0,,,-177428.0, PMP1264576
DIF. COSTO/CANTIDAD,PMP1264579,-2661818.0,,,-2661818.0, PMP1264579
DIF. COSTO/CANTIDAD,PMP1265171,-559300.0,,,-559300.0, PMP1265171
DIF. COSTO/CANTIDAD,PMP1260878,-308278.0,,,-308278.0, PMP1260878
DIF. COSTO/CANTIDAD,PMP1262529,-229069.0,,,-229069.0, PMP1262529
DIF. COSTO/CANTIDAD,PMP1260886,-181095.0,,,-181095.0, PMP1260886
DIF. COSTO/CANTIDAD,PMP1265115,-94999.0,,,-94999.0, PMP1265115
DIF. COSTO/CANTIDAD,PMP1266346,-569977.0,,,-569977.0, PMP1266346
DIF. COSTO/CANTIDAD,PMP1264269,-91089.0,,,-91089.0, PMP1264269
DIF. COSTO/CANTIDAD,PMP1265586,-16877.0,,,-16877.0, PMP1265586
DIF. COSTO/CANTIDAD,PMP1265587,-186496.0,,,-186496.0, PMP1265587
DIF. COSTO/CANTIDAD,PMP1264007,-9751.0,,,-9751.0, PMP1264007
DIF. COSTO/CANTIDAD,PMP1258363,-279124.0,,,-279124.0, PMP1258363
DIF. COSTO/CANTIDAD,PMP1260889,-355125.0,,,-355125.0, PMP1260889
DIF. COSTO/CANTIDAD,PMP1262994,-7229.0,,,-7229.0, PMP1262994
DIF. COSTO/CANTIDAD,PMP1263684,-7528661.0,,,-7528661.0, PMP1263684
DIF. COSTO/CANTIDAD,PMP1265023,-541298.0,,,-541298.0, PMP1265023
DIF. COSTO/CANTIDAD,PMP1261466,-132006.0,,,-132006.0, PMP1261466
DIF. COSTO/CANTIDAD,PMP1262998,-91081.0,,,-91081.0, PMP1262998
DIF. COSTO/CANTIDAD,PMP1263692,-4749269.0,,,-4749269.0, PMP1263692
DIF. COSTO/CANTIDAD,PMP1260954,-243214.0,,,-243214.0, PMP1260954
DIF. COSTO/CANTIDAD,PMP1260957,-787185.0,,,-787185.0, PMP1260957
DIF. COSTO/CANTIDAD,PMP1261245,-103148.0,,,-103148.0, PMP1261245
DIF. COSTO/CANTIDAD,PMP1261256,-200713.0,,,-200713.0, PMP1261256
DIF. COSTO/CANTIDAD,PMP1262522,-132025.0,,,-132025.0, PMP1262522
DIF. COSTO/CANTIDAD,PMP1261254,-3686521.0,,,-3686521.0, PMP1261254
DIF. COSTO/CANTIDAD,PMP1263306,-200641.0,,,-200641.0, PMP1263306
DIF. COSTO/CANTIDAD,PMP1262826,-581666.0,,,-581666.0, PMP1262826
DIF. COSTO/CANTIDAD,PMP1260881,-160079.0,,,-160079.0, PMP1260881
DIF. COSTO/CANTIDAD,PMP1261044,-3844271.0,,,-3844271.0, PMP1261044
DIF. COSTO/CANTIDAD,PMP1261046,-4129207.0,,,-4129207.0, PMP1261046
DIF. COSTO/CANTIDAD,PMP1263885,-94982.0,,,-94982.0, PMP1263885
DIF. COSTO/CANTIDAD,PMP1260880,-107656.0,,,-107656.0, PMP1260880
DIF. COSTO/CANTIDAD,PMP1261061,-248651.0,,,-248651.0, PMP1261061
DIF. COSTO/CANTIDAD,PMP1260534,-23174.0,,,-23174.0, PMP1260534
DIF. COSTO/CANTIDAD,PMP1259499,-2102911.0,,,-2102911.0, PMP1259499
DIF. COSTO/CANTIDAD,PMP1260774,-13284.0,,,-13284.0, PMP1260774
DIF. COSTO/CANTIDAD,PMP1260709,-246482.0,,,-246482.0, PMP1260709
DIF. COSTO/CANTIDAD,PMP1262540,-917302.0,,,-917302.0, PMP1262540
DIF. COSTO/CANTIDAD,PMP1261462,-112738.0,,,-112738.0, PMP1261462
DIF. COSTO/CANTIDAD,PMP1263173,-808983.0,,,-808983.0, PMP1263173
DIF. COSTO/CANTIDAD,PMP1263001,-217505.0,,,-217505.0, PMP1263001
DIF. COSTO/CANTIDAD,PMP1263915,-135378.0,,,-135378.0, PMP1263915
DIF. COSTO/CANTIDAD,PMP1263690,-155266.0,,,-155266.0, PMP1263690
DIF. COSTO/CANTIDAD,PMP1263686,-310569.0,,,-310569.0, PMP1263686
DIF. COSTO/CANTIDAD,PMP1261287,-335931.0,,,-335931.0, PMP1261287
DESCUENTO,,-18625424.0,,,-18625424.0, 
Descuentos no asociados a FC,PMP1260881,-0.09999999962747097,MENORES VALORES,WOB,-0.09999999962747097,MENORES VALORES
Descuentos no asociados a FC,PMP1261044,-1.0,MENORES VALORES,WOB,-1.0,MENORES VALORES
Descuentos no asociados a FC,PMP1261046,1.0,MENORES VALORES,384,1.0,MENORES VALORES
Descuentos no asociados a FC,PMP1260884,0.7899999991059303,MENORES VALORES,384,0.7899999991059303,MENORES VALORES
Descuentos no asociados a FC,PMP1260876,0.40000000037252903,MENORES VALORES,384,0.40000000037252903,MENORES VALORES
Descuentos no asociados a FC,PMP1260873,0.1600000000325963,MENORES VALORES,384,0.1600000000325963,MENORES VALORES
Descuentos no asociados a FC,PMP1260877,-0.47999999998137355,MENORES VALORES,WOB,-0.47999999998137355,MENORES VALORES
Descuentos no asociados a FC,PMP1261041,-1.5200000000186265,MENORES VALORES,WOB,-1.5200000000186265,MENORES VALORES
Descuentos no asociados a FC,PMP1261045,-1.2799999993294477,MENORES VALORES,WOB,-1.2799999993294477,MENORES VALORES
Descuentos no asociados a FC,PMP1262522,0.39000000059604645,MENORES VALORES,384,0.39000000059604645,MENORES VALORES
Descuentos no asociados a FC,PMP1261256,1.9600000008940697,MENORES VALORES,384,1.9600000008940697,MENORES VALORES
Descuentos no asociados a FC,PMP1261245,0.47999999998137355,MENORES VALORES,384,0.47999999998137355,MENORES VALORES
Descuentos no asociados a FC,PMP1263181,0.8600000003352761,MENORES VALORES,384,0.8600000003352761,MENORES VALORES
Descuentos no asociados a FC,PMP1263179,0.07999999821186066,MENORES VALORES,384,0.07999999821186066,MENORES VALORES
Descuentos no asociados a FC,PMP1260880,0.6799999997019768,MENORES VALORES,384,0.6799999997019768,MENORES VALORES
Descuentos no asociados a FC,PMP1263175,0.06000000238418579,MENORES VALORES,384,0.06000000238418579,MENORES VALORES
Descuentos no asociados a FC,PMP1263182,0.7400000002235174,MENORES VALORES,384,0.7400000002235174,MENORES VALORES
Descuentos no asociados a FC,PMP1260957,1.0,MENORES VALORES,384,1.0,MENORES VALORES
Descuentos no asociados a FC,PMP1260954,-0.8799999998882413,MENORES VALORES,WOB,-0.8799999998882413,MENORES VALORES
Descuentos no asociados a FC,PMP1263882,-0.3399999998509884,MENORES VALORES,WOB,-0.3399999998509884,MENORES VALORES
Descuentos no asociados a FC,PMP1263884,-0.5,MENORES VALORES,WOB,-0.5,MENORES VALORES
Descuentos no asociados a FC,PMP1264010,0.4400000013411045,MENORES VALORES,384,0.4400000013411045,MENORES VALORES
Descuentos no asociados a FC,PMP1263883,-0.9599999999627471,MENORES VALORES,WOB,-0.9599999999627471,MENORES VALORES
Descuentos no asociados a FC,PMP1264008,-1.3999999999068677,MENORES VALORES,WOB,-1.3999999999068677,MENORES VALORES
Descuentos no asociados a FC,PMP1263878,-0.6600000001490116,MENORES VALORES,WOB,-0.6600000001490116,MENORES VALORES
Descuentos no asociados a FC,PMP1264006,-1.2800000000279397,MENORES VALORES,WOB,-1.2800000000279397,MENORES VALORES
Descuentos no asociados a FC,PMP1263877,-0.24000000022351742,MENORES VALORES,WOB,-0.24000000022351742,MENORES VALORES
Descuentos no asociados a FC,PMP1261254,-1.4400000013411045,MENORES VALORES,WOB,-1.4400000013411045,MENORES VALORES
Descuentos no asociados a FC,PMP1263306,-0.0800000000745058,MENORES VALORES,WOB,-0.0800000000745058,MENORES VALORES
Descuentos no asociados a FC,PMP1262826,-1.0,MENORES VALORES,WOB,-1.0,MENORES VALORES
Descuentos no asociados a FC,PMP1264011,2.0,MENORES VALORES,384,2.0,MENORES VALORES
Descuentos no asociados a FC,PMP1261462,6.259999997913837,MENORES VALORES,384,6.259999997913837,MENORES VALORES
Descuentos no asociados a FC,PMP1262545,0.6799999999930151,MENORES VALORES,384,0.6799999999930151,MENORES VALORES
Descuentos no asociados a FC,PMP1262541,3.840000000083819,MENORES VALORES,384,3.840000000083819,MENORES VALORES
Descuentos no asociados a FC,PMP1262546,1.3199999928474426,MENORES VALORES,384,1.3199999928474426,MENORES VALORES
Descuentos no asociados a FC,PMP1262540,8.659999996423721,MENORES VALORES,384,8.659999996423721,MENORES VALORES
Descuentos no asociados a FC,PMP1261153,1.4400000013411045,MENORES VALORES,384,1.4400000013411045,MENORES VALORES
Descuentos no asociados a FC,PMP1261152,1.4600000008940697,MENORES VALORES,384,1.4600000008940697,MENORES VALORES
Descuentos no asociados a FC,PMP1261154,-1.3599999994039536,MENORES VALORES,WOB,-1.3599999994039536,MENORES VALORES
Descuentos no asociados a FC,PMP1261150,8.820000000298023,MENORES VALORES,384,8.820000000298023,MENORES VALORES
Descuentos no asociados a FC,PMP1261145,1.2999999998137355,MENORES VALORES,384,1.2999999998137355,MENORES VALORES
Descuentos no asociados a FC,PMP1261144,0.7199999999720603,MENORES VALORES,384,0.7199999999720603,MENORES VALORES
Descuentos no asociados a FC,PMP1259499,8.340000003576279,MENORES VALORES,384,8.340000003576279,MENORES VALORES
Descuentos no asociados a FC,PMP1259496,0.03999999910593033,MENORES VALORES,384,0.03999999910593033,MENORES VALORES
Descuentos no asociados a FC,PMP1263885,-1.440000000409782,MENORES VALORES,WOB,-1.440000000409782,MENORES VALORES
Descuentos no asociados a FC,PMP1260709,4.879999995231628,MENORES VALORES,384,4.879999995231628,MENORES VALORES
Descuentos no asociados a FC,PMP1260710,0.14000000059604645,MENORES VALORES,384,0.14000000059604645,MENORES VALORES
Descuentos no asociados a FC,PMP1261142,2.6200000047683716,MENORES VALORES,384,2.6200000047683716,MENORES VALORES
Descuentos no asociados a FC,PMP1261143,-0.8000000007450581,MENORES VALORES,WOB,-0.8000000007450581,MENORES VALORES
Descuentos no asociados a FC,PMP1261060,-1.1400000005960464,MENORES VALORES,WOB,-1.1400000005960464,MENORES VALORES
Descuentos no asociados a FC,PMP1262560,1.0,MENORES VALORES,384,1.0,MENORES VALORES
Descuentos no asociados a FC,PMP1261061,9.379999995231628,MENORES VALORES,384,9.379999995231628,MENORES VALORES
Descuentos no asociados a FC,PMP1260534,3.8199999928474426,MENORES VALORES,384,3.8199999928474426,MENORES VALORES
Descuentos no asociados a FC,PMP1260539,-0.9800000004470348,MENORES VALORES,WOB,-0.9800000004470348,MENORES VALORES
Descuentos no asociados a FC,PMP1260777,-0.2199999988079071,MENORES VALORES,WOB,-0.2199999988079071,MENORES VALORES
Descuentos no asociados a FC,PMP1260775,1.8200000002980232,MENORES VALORES,384,1.8200000002980232,MENORES VALORES
Descuentos no asociados a FC,PMP1260776,0.24000000022351742,MENORES VALORES,384,0.24000000022351742,MENORES VALORES
Descuentos no asociados a FC,PMP1260774,9.959999993443489,MENORES VALORES,384,9.959999993443489,MENORES VALORES
Descuentos no asociados a FC,PMP1258396,-0.12000000104308128,MENORES VALORES,WOB,-0.12000000104308128,MENORES VALORES
Descuentos no asociados a FC,PMP1261288,-0.8200000002980232,MENORES VALORES,WOB,-0.8200000002980232,MENORES VALORES
Descuentos no asociados a FC,PMP1261287,10.520000003278255,MENORES VALORES,384,10.520000003278255,MENORES VALORES
Descuentos no asociados a FC,PMP1261285,0.6999999992549419,MENORES VALORES,384,0.6999999992549419,MENORES VALORES
Descuentos no asociados a FC,PMP1262524,-1.1000000014901161,MENORES VALORES,WOB,-1.1000000014901161,MENORES VALORES
Descuentos no asociados a FC,PMP1262525,-0.6000000000058208,MENORES VALORES,WOB,-0.6000000000058208,MENORES VALORES
Descuentos no asociados a FC,PMP1262527,-0.39999999990686774,MENORES VALORES,WOB,-0.39999999990686774,MENORES VALORES
Descuentos no asociados a FC,PMP1262526,-1.619999997317791,MENORES VALORES,WOB,-1.619999997317791,MENORES VALORES
Descuentos no asociados a FC,PMP1259913,5.120000001043081,MENORES VALORES,384,5.120000001043081,MENORES VALORES
Descuentos no asociados a FC,PMP1259909,-0.8799999998882413,MENORES VALORES,WOB,-0.8799999998882413,MENORES VALORES
Descuentos no asociados a FC,PMP1259908,0.6599999964237213,MENORES VALORES,384,0.6599999964237213,MENORES VALORES
Descuentos no asociados a FC,PMP1260887,-3.719999998807907,MENORES VALORES,WOB,-3.719999998807907,MENORES VALORES
Descuentos no asociados a FC,PMP1262518,0.6799999999348074,MENORES VALORES,384,0.6799999999348074,MENORES VALORES
Descuentos no asociados a FC,PMP1262558,0.11999999999534339,MENORES VALORES,384,0.11999999999534339,MENORES VALORES
Descuentos no asociados a FC,PMP1261248,-0.5200000000186265,MENORES VALORES,WOB,-0.5200000000186265,MENORES VALORES
Descuentos no asociados a FC,PMP1260353,0.9599999934434891,MENORES VALORES,384,0.9599999934434891,MENORES VALORES
Descuentos no asociados a FC,PMP1260107,2.0,MENORES VALORES,384,2.0,MENORES VALORES
Descuentos no asociados a FC,PMP1260356,0.6799999999930151,MENORES VALORES,384,0.6799999999930151,MENORES VALORES
Descuentos no asociados a FC,PMP1260355,1.099999999627471,MENORES VALORES,384,1.099999999627471,MENORES VALORES
Descuentos no asociados a FC,PMP1260948,-0.2800000000279397,MENORES VALORES,WOB,-0.2800000000279397,MENORES VALORES
Descuentos no asociados a FC,PMP1260956,0.0800000000745058,MENORES VALORES,384,0.0800000000745058,MENORES VALORES
Descuentos no asociados a FC,PMP1260349,3.8399999998509884,MENORES VALORES,384,3.8399999998509884,MENORES VALORES
Descuentos no asociados a FC,PMP1260357,-0.6000000014901161,MENORES VALORES,WOB,-0.6000000014901161,MENORES VALORES
Descuentos no asociados a FC,PMP1263173,5.840000003576279,MENORES VALORES,384,5.840000003576279,MENORES VALORES
Descuentos no asociados a FC,PMP1261284,0.8000000007450581,MENORES VALORES,384,0.8000000007450581,MENORES VALORES
Descuentos no asociados a FC,PMP1261466,-0.3600000003352761,MENORES VALORES,WOB,-0.3600000003352761,MENORES VALORES
Descuentos no asociados a FC,PMP1261456,0.8000000007450581,MENORES VALORES,384,0.8000000007450581,MENORES VALORES
Descuentos no asociados a FC,PMP1262825,0.20000000001164153,MENORES VALORES,384,0.20000000001164153,MENORES VALORES
Descuentos no asociados a FC,PMP1263299,-1.530000001192093,MENORES VALORES,WOB,-1.530000001192093,MENORES VALORES
Descuentos no asociados a FC,PMP1263301,0.6799999997019768,MENORES VALORES,384,0.6799999997019768,MENORES VALORES
Descuentos no asociados a FC,PMP1263302,-0.39999999990686774,MENORES VALORES,WOB,-0.39999999990686774,MENORES VALORES
Descuentos no asociados a FC,PMP1261468,0.9199999999254942,MENORES VALORES,384,0.9199999999254942,MENORES VALORES
Descuentos no asociados a FC,PMP1263303,0.5600000000558794,MENORES VALORES,384,0.5600000000558794,MENORES VALORES
Descuentos no asociados a FC,PMP1261253,0.17999999993480742,MENORES VALORES,384,0.17999999993480742,MENORES VALORES
Descuentos no asociados a FC,PMP1261251,0.6399999996647239,MENORES VALORES,384,0.6399999996647239,MENORES VALORES
Descuentos no asociados a FC,PMP1261240,-0.4000000059604645,MENORES VALORES,WOB,-0.4000000059604645,MENORES VALORES
Descuentos no asociados a FC,PMP1261249,-0.3600000001024455,MENORES VALORES,WOB,-0.3600000001024455,MENORES VALORES
Descuentos no asociados a FC,PMP1261255,0.20000000018626451,MENORES VALORES,384,0.20000000018626451,MENORES VALORES
Descuentos no asociados a FC,PMP1263204,-2.0399999991059303,MENORES VALORES,WOB,-2.0399999991059303,MENORES VALORES
Descuentos no asociados a FC,PMP1261257,0.20000000018626451,MENORES VALORES,384,0.20000000018626451,MENORES VALORES
Descuentos no asociados a FC,PMP1263201,-0.40000000037252903,MENORES VALORES,WOB,-0.40000000037252903,MENORES VALORES
Descuentos no asociados a FC,PMP1261252,-1.3800000008195639,MENORES VALORES,WOB,-1.3800000008195639,MENORES VALORES
Descuentos no asociados a FC,PMP1261824,-0.5999999999767169,MENORES VALORES,WOB,-0.5999999999767169,MENORES VALORES
Descuentos no asociados a FC,PMP1263180,-2.519999995827675,MENORES VALORES,WOB,-2.519999995827675,MENORES VALORES
Descuentos no asociados a FC,PMP1263178,1.5200000000186265,MENORES VALORES,384,1.5200000000186265,MENORES VALORES
Descuentos no asociados a FC,PMP1265174,1.0,MENORES VALORES,384,1.0,MENORES VALORES
Descuentos no asociados a FC,PMP1264581,0.39999999990686774,MENORES VALORES,384,0.39999999990686774,MENORES VALORES
Descuentos no asociados a FC,PMP1264574,0.0800000000745058,MENORES VALORES,384,0.0800000000745058,MENORES VALORES
Descuentos no asociados a FC,PMP1265172,-0.5599999995902181,MENORES VALORES,WOB,-0.5599999995902181,MENORES VALORES
Descuentos no asociados a FC,PMP1264582,-0.5800000000745058,MENORES VALORES,WOB,-0.5800000000745058,MENORES VALORES
Descuentos no asociados a FC,PMP1263738,1.6799999997019768,MENORES VALORES,384,1.6799999997019768,MENORES VALORES
Descuentos no asociados a FC,PMP1263745,1.0,MENORES VALORES,384,1.0,MENORES VALORES
Descuentos no asociados a FC,PMP1263747,1.0,MENORES VALORES,384,1.0,MENORES VALORES
Descuentos no asociados a FC,PMP1263954,-0.9199999999254942,MENORES VALORES,WOB,-0.9199999999254942,MENORES VALORES
Descuentos no asociados a FC,PMP1263990,-0.47999999998137355,MENORES VALORES,WOB,-0.47999999998137355,MENORES VALORES
Descuentos no asociados a FC,PMP1261105,-0.2800000000279397,MENORES VALORES,WOB,-0.2800000000279397,MENORES VALORES
Descuentos no asociados a FC,PMP1263959,-0.48000000044703484,MENORES VALORES,WOB,-0.48000000044703484,MENORES VALORES
Descuentos no asociados a FC,PMP1263958,-0.1600000001490116,MENORES VALORES,WOB,-0.1600000001490116,MENORES VALORES
Descuentos no asociados a FC,PMP1264584,0.9599999999627471,MENORES VALORES,384,0.9599999999627471,MENORES VALORES
Descuentos no asociados a FC,PMP1263957,-1.199999999254942,MENORES VALORES,WOB,-1.199999999254942,MENORES VALORES
Descuentos no asociados a FC,PMP1264663,0.5800000000745058,MENORES VALORES,384,0.5800000000745058,MENORES VALORES
Descuentos no asociados a FC,PMP1264756,-0.7999999998137355,MENORES VALORES,WOB,-0.7999999998137355,MENORES VALORES
Descuentos no asociados a FC,PMP1264664,-0.8199999999487773,MENORES VALORES,WOB,-0.8199999999487773,MENORES VALORES
Descuentos no asociados a FC,PMP1264606,-0.44000000040978193,MENORES VALORES,WOB,-0.44000000040978193,MENORES VALORES
Descuentos no asociados a FC,PMP1264604,-0.9599999999627471,MENORES VALORES,WOB,-0.9599999999627471,MENORES VALORES
Descuentos no asociados a FC,PMP1264030,0.19999999995343387,MENORES VALORES,384,0.19999999995343387,MENORES VALORES
Descuentos no asociados a FC,PMP1264665,-0.02000000001862645,MENORES VALORES,WOB,-0.02000000001862645,MENORES VALORES
Descuentos no asociados a FC,PMP1264718,-0.5600000000558794,MENORES VALORES,WOB,-0.5600000000558794,MENORES VALORES
Descuentos no asociados a FC,PMP1264667,-0.20000000018626451,MENORES VALORES,WOB,-0.20000000018626451,MENORES VALORES
Descuentos no asociados a FC,PMP1264666,0.1600000000325963,MENORES VALORES,384,0.1600000000325963,MENORES VALORES
Descuentos no asociados a FC,PMP1265024,-0.7599999997764826,MENORES VALORES,WOB,-0.7599999997764826,MENORES VALORES
Descuentos no asociados a FC,PMP1265025,1.4199999999254942,MENORES VALORES,384,1.4199999999254942,MENORES VALORES
Descuentos no asociados a FC,PMP1265173,-1.0,MENORES VALORES,WOB,-1.0,MENORES VALORES
Descuentos no asociados a FC,PMP1264576,-0.6600000001490116,MENORES VALORES,WOB,-0.6600000001490116,MENORES VALORES
Descuentos no asociados a FC,PMP1265177,1.0,MENORES VALORES,384,1.0,MENORES VALORES
Descuentos no asociados a FC,PMP1264585,-1.6400000005960464,MENORES VALORES,WOB,-1.6400000005960464,MENORES VALORES
Descuentos no asociados a FC,PMP1265175,-1.0,MENORES VALORES,WOB,-1.0,MENORES VALORES
Descuentos no asociados a FC,PMP1265296,0.6400000001303852,MENORES VALORES,384,0.6400000001303852,MENORES VALORES
Descuentos no asociados a FC,PMP1260878,-1.8299999982118607,MENORES VALORES,WOB,-1.8299999982118607,MENORES VALORES
Descuentos no asociados a FC,PMP1260888,1.7400000002235174,MENORES VALORES,384,1.7400000002235174,MENORES VALORES
Descuentos no asociados a FC,PMP1260883,0.0800000000745058,MENORES VALORES,384,0.0800000000745058,MENORES VALORES
Descuentos no asociados a FC,PMP1263960,-0.2599999997764826,MENORES VALORES,WOB,-0.2599999997764826,MENORES VALORES
Descuentos no asociados a FC,PMP1262520,0.17999999970197678,MENORES VALORES,384,0.17999999970197678,MENORES VALORES
Descuentos no asociados a FC,PMP1265119,0.599999999627471,MENORES VALORES,384,0.599999999627471,MENORES VALORES
Descuentos no asociados a FC,PMP1265103,0.3799999998882413,MENORES VALORES,384,0.3799999998882413,MENORES VALORES
Descuentos no asociados a FC,PMP1265116,-0.39999999990686774,MENORES VALORES,WOB,-0.39999999990686774,MENORES VALORES
Descuentos no asociados a FC,PMP1261106,-0.8399999998509884,MENORES VALORES,WOB,-0.8399999998509884,MENORES VALORES
Descuentos no asociados a FC,PMP1261107,1.0,MENORES VALORES,384,1.0,MENORES VALORES
Descuentos no asociados a FC,PMP1265112,0.07999999995809048,MENORES VALORES,384,0.07999999995809048,MENORES VALORES
Descuentos no asociados a FC,PMP1263989,1.0,MENORES VALORES,384,1.0,MENORES VALORES
Descuentos no asociados a FC,PMP1264575,0.35999999940395355,MENORES VALORES,384,0.35999999940395355,MENORES VALORES
Descuentos no asociados a FC,PMP1265171,2.2000000029802322,MENORES VALORES,384,2.2000000029802322,MENORES VALORES
Descuentos no asociados a FC,PMP1264579,-1.8399999998509884,MENORES VALORES,WOB,-1.8399999998509884,MENORES VALORES
Descuentos no asociados a FC,PMP1264578,-0.46000000089406967,MENORES VALORES,WOB,-0.46000000089406967,MENORES VALORES
Descuentos no asociados a FC,PMP1265176,0.20000000018626451,MENORES VALORES,384,0.20000000018626451,MENORES VALORES
Descuentos no asociados a FC,PMP1263742,0.12000000011175871,MENORES VALORES,384,0.12000000011175871,MENORES VALORES
Descuentos no asociados a FC,PMP1264573,3.380000000819564,MENORES VALORES,384,3.380000000819564,MENORES VALORES
Descuentos no asociados a FC,PMP1264572,0.36000001430511475,MENORES VALORES,384,0.36000001430511475,MENORES VALORES
Descuentos no asociados a FC,PMP1262529,6.3599999994039536,MENORES VALORES,384,6.3599999994039536,MENORES VALORES
Descuentos no asociados a FC,PMP1263987,2.0,MENORES VALORES,384,2.0,MENORES VALORES
Descuentos no asociados a FC,PMP1265100,0.2800000000279397,MENORES VALORES,384,0.2800000000279397,MENORES VALORES
Descuentos no asociados a FC,PMP1262528,3.840000000083819,MENORES VALORES,384,3.840000000083819,MENORES VALORES
Descuentos no asociados a FC,PMP1263300,4.0,MENORES VALORES,384,4.0,MENORES VALORES
Descuentos no asociados a FC,PMP1263741,0.0800000000745058,MENORES VALORES,384,0.0800000000745058,MENORES VALORES
Descuentos no asociados a FC,PMP1263692,-1.0,MENORES VALORES,WOB,-1.0,MENORES VALORES
Descuentos no asociados a FC,PMP1262996,-0.3200000000651926,MENORES VALORES,WOB,-0.3200000000651926,MENORES VALORES
Descuentos no asociados a FC,PMP1263685,1.5200000000186265,MENORES VALORES,384,1.5200000000186265,MENORES VALORES
Descuentos no asociados a FC,PMP1263018,-0.1600000001490116,MENORES VALORES,WOB,-0.1600000001490116,MENORES VALORES
Descuentos no asociados a FC,PMP1263913,-0.7800000000279397,MENORES VALORES,WOB,-0.7800000000279397,MENORES VALORES
Descuentos no asociados a FC,PMP1263683,-1.0,MENORES VALORES,WOB,-1.0,MENORES VALORES
Descuentos no asociados a FC,PMP1263021,-0.5600000000558794,MENORES VALORES,WOB,-0.5600000000558794,MENORES VALORES
Descuentos no asociados a FC,PMP1263686,-1.0,MENORES VALORES,WOB,-1.0,MENORES VALORES
Descuentos no asociados a FC,PMP1263001,0.13999999966472387,MENORES VALORES,384,0.13999999966472387,MENORES VALORES
Descuentos no asociados a FC,PMP1263023,1.5600000000558794,MENORES VALORES,384,1.5600000000558794,MENORES VALORES
Descuentos no asociados a FC,PMP1263988,-2.280000001192093,MENORES VALORES,WOB,-2.280000001192093,MENORES VALORES
Descuentos no asociados a FC,PMP1263984,-0.8799999998882413,MENORES VALORES,WOB,-0.8799999998882413,MENORES VALORES
Descuentos no asociados a FC,PMP1262993,-0.24000000022351742,MENORES VALORES,WOB,-0.24000000022351742,MENORES VALORES
Descuentos no asociados a FC,PMP1263914,-0.48000000044703484,MENORES VALORES,WOB,-0.48000000044703484,MENORES VALORES
Descuentos no asociados a FC,PMP1262999,0.30999999959021807,MENORES VALORES,384,0.30999999959021807,MENORES VALORES
Descuentos no asociados a FC,PMP1261244,0.2800000000279397,MENORES VALORES,384,0.2800000000279397,MENORES VALORES
Descuentos no asociados a FC,PMP1261247,0.6799999999348074,MENORES VALORES,384,0.6799999999348074,MENORES VALORES
Descuentos no asociados a FC,PMP1261246,1.9399999994784594,MENORES VALORES,384,1.9399999994784594,MENORES VALORES
Descuentos no asociados a FC,PMP1261250,3.719999998807907,MENORES VALORES,384,3.719999998807907,MENORES VALORES
Descuentos no asociados a FC,PMP1261258,1.7999999998137355,MENORES VALORES,384,1.7999999998137355,MENORES VALORES
Descuentos no asociados a FC,PMP1263000,0.5599999999976717,MENORES VALORES,384,0.5599999999976717,MENORES VALORES
Descuentos no asociados a FC,PMP1263020,0.3600000001024455,MENORES VALORES,384,0.3600000001024455,MENORES VALORES
Descuentos no asociados a FC,PMP1263912,-1.8800000008195639,MENORES VALORES,WOB,-1.8800000008195639,MENORES VALORES
Descuentos no asociados a FC,PMP1263022,0.5200000000186265,MENORES VALORES,384,0.5200000000186265,MENORES VALORES
Descuentos no asociados a FC,PMP1263915,-0.7800000011920929,MENORES VALORES,WOB,-0.7800000011920929,MENORES VALORES
Descuentos no asociados a FC,PMP1262998,-0.7000000001862645,MENORES VALORES,WOB,-0.7000000001862645,MENORES VALORES
Descuentos no asociados a FC,PMP1263024,-0.5600000005215406,MENORES VALORES,WOB,-0.5600000005215406,MENORES VALORES
Descuentos no asociados a FC,PMP1263911,-1.9199999999254942,MENORES VALORES,WOB,-1.9199999999254942,MENORES VALORES
Descuentos no asociados a FC,PMP1263916,-0.08000000000174623,MENORES VALORES,WOB,-0.08000000000174623,MENORES VALORES
Descuentos no asociados a FC,PMP1263690,-0.5600000000558794,MENORES VALORES,WOB,-0.5600000000558794,MENORES VALORES
Descuentos no asociados a FC,PMP1263304,0.12000000011175871,MENORES VALORES,384,0.12000000011175871,MENORES VALORES
Descuentos no asociados a FC,PMP1263744,-1.0,MENORES VALORES,WOB,-1.0,MENORES VALORES
Descuentos no asociados a FC,PMP1263305,0.6799999997019768,MENORES VALORES,384,0.6799999997019768,MENORES VALORES
Descuentos no asociados a FC,PMP1263297,-0.6400000005960464,MENORES VALORES,WOB,-0.6400000005960464,MENORES VALORES
Descuentos no asociados a FC,PMP1263739,0.11999999999534339,MENORES VALORES,384,0.11999999999534339,MENORES VALORES
Descuentos no asociados a FC,PMP1265027,-0.1600000000325963,MENORES VALORES,WOB,-0.1600000000325963,MENORES VALORES
Descuentos no asociados a FC,PMP1265022,-0.19999999995343387,MENORES VALORES,WOB,-0.19999999995343387,MENORES VALORES
Descuentos no asociados a FC,PMP1261463,1.5600000023841858,MENORES VALORES,384,1.5600000023841858,MENORES VALORES
Descuentos no asociados a FC,PMP1265021,-1.8399999998509884,MENORES VALORES,WOB,-1.8399999998509884,MENORES VALORES
Descuentos no asociados a FC,PMP1265018,-0.5600000000558794,MENORES VALORES,WOB,-0.5600000000558794,MENORES VALORES
Descuentos no asociados a FC,PMP1259923,0.2800000000279397,MENORES VALORES,384,0.2800000000279397,MENORES VALORES
Descuentos no asociados a FC,PMP1259920,-1.1199999991804361,MENORES VALORES,WOB,-1.1199999991804361,MENORES VALORES
Descuentos no asociados a FC,PMP1259918,0.43999999994412065,MENORES VALORES,384,0.43999999994412065,MENORES VALORES
Descuentos no asociados a FC,PMP1258656,-1.599999999627471,MENORES VALORES,WOB,-1.599999999627471,MENORES VALORES
Descuentos no asociados a FC,PMP1260345,2.019999995827675,MENORES VALORES,384,2.019999995827675,MENORES VALORES
Descuentos no asociados a FC,PMP1260347,-1.0600000005215406,MENORES VALORES,WOB,-1.0600000005215406,MENORES VALORES
Descuentos no asociados a FC,PMP1260346,0.49000000208616257,MENORES VALORES,384,0.49000000208616257,MENORES VALORES
Descuentos no asociados a FC,PMP1258559,1.040000000037253,MENORES VALORES,384,1.040000000037253,MENORES VALORES
Descuentos no asociados a FC,PMP1258586,0.7199999999720603,MENORES VALORES,384,0.7199999999720603,MENORES VALORES
Descuentos no asociados a FC,PMP1259554,0.39999999990686774,MENORES VALORES,384,0.39999999990686774,MENORES VALORES
Descuentos no asociados a FC,PMP1259551,-0.9600000008940697,MENORES VALORES,WOB,-0.9600000008940697,MENORES VALORES
Descuentos no asociados a FC,PMP1259553,1.0,MENORES VALORES,384,1.0,MENORES VALORES
Descuentos no asociados a FC,PMP1258475,0.35999999940395355,MENORES VALORES,384,0.35999999940395355,MENORES VALORES
Descuentos no asociados a FC,PMP1260354,0.7000000029802322,MENORES VALORES,384,0.7000000029802322,MENORES VALORES
Descuentos no asociados a FC,PMP1260348,-0.8399999998509884,MENORES VALORES,WOB,-0.8399999998509884,MENORES VALORES
Descuentos no asociados a FC,PMP1258647,-2.2400000002235174,MENORES VALORES,WOB,-2.2400000002235174,MENORES VALORES
Descuentos no asociados a FC,PMP1259906,0.4199999999254942,MENORES VALORES,384,0.4199999999254942,MENORES VALORES
Descuentos no asociados a FC,PMP1258662,1.040000000037253,MENORES VALORES,384,1.040000000037253,MENORES VALORES
Descuentos no asociados a FC,PMP1259910,0.0800000000745058,MENORES VALORES,384,0.0800000000745058,MENORES VALORES
Descuentos no asociados a FC,PMP1261140,1.400000000372529,MENORES VALORES,384,1.400000000372529,MENORES VALORES
Descuentos no asociados a FC,PMP1261052,-0.20000000018626451,MENORES VALORES,WOB,-0.20000000018626451,MENORES VALORES
Descuentos no asociados a FC,PMP1261051,0.07999999821186066,MENORES VALORES,384,0.07999999821186066,MENORES VALORES
Descuentos no asociados a FC,PMP1261053,-0.0800000000745058,MENORES VALORES,WOB,-0.0800000000745058,MENORES VALORES
Descuentos no asociados a FC,PMP1260792,-1.2000000001862645,MENORES VALORES,WOB,-1.2000000001862645,MENORES VALORES
Descuentos no asociados a FC,PMP1261141,1.119999997317791,MENORES VALORES,384,1.119999997317791,MENORES VALORES
Descuentos no asociados a FC,PMP1261054,0.5800000000745058,MENORES VALORES,384,0.5800000000745058,MENORES VALORES
Descuentos no asociados a FC,PMP1260767,-0.43999999947845936,MENORES VALORES,WOB,-0.43999999947845936,MENORES VALORES
Descuentos no asociados a FC,PMP1260769,-0.21999999973922968,MENORES VALORES,WOB,-0.21999999973922968,MENORES VALORES
Descuentos no asociados a FC,PMP1260770,1.2399999999906868,MENORES VALORES,384,1.2399999999906868,MENORES VALORES
Descuentos no asociados a FC,PMP1260350,0.40000000037252903,MENORES VALORES,384,0.40000000037252903,MENORES VALORES
Descuentos no asociados a FC,PMP1260711,-0.8599999994039536,MENORES VALORES,WOB,-0.8599999994039536,MENORES VALORES
Descuentos no asociados a FC,PMP1260708,-1.4000000059604645,MENORES VALORES,WOB,-1.4000000059604645,MENORES VALORES
Descuentos no asociados a FC,PMP1260160,-0.12000000104308128,MENORES VALORES,WOB,-0.12000000104308128,MENORES VALORES
Descuentos no asociados a FC,PMP1260772,-0.11999999999534339,MENORES VALORES,WOB,-0.11999999999534339,MENORES VALORES
Descuentos no asociados a FC,PMP1258251,1.0,MENORES VALORES,384,1.0,MENORES VALORES
Descuentos no asociados a FC,PMP1258253,-0.23999999999068677,MENORES VALORES,WOB,-0.23999999999068677,MENORES VALORES
Descuentos no asociados a FC,PMP1260351,-0.6399999856948853,MENORES VALORES,WOB,-0.6399999856948853,MENORES VALORES
Descuentos no asociados a FC,PMP1258585,1.0,MENORES VALORES,384,1.0,MENORES VALORES
Descuentos no asociados a FC,PMP1260768,0.3799999998882413,MENORES VALORES,384,0.3799999998882413,MENORES VALORES
Descuentos no asociados a FC,PMP1264580,2.019999999552965,MENORES VALORES,384,2.019999999552965,MENORES VALORES
Descuentos no asociados a FC,PMP1264571,0.1599999964237213,MENORES VALORES,384,0.1599999964237213,MENORES VALORES
Descuentos no asociados a FC,PMP1264570,0.6800000071525574,MENORES VALORES,384,0.6800000071525574,MENORES VALORES
Descuentos no asociados a FC,PMP1264577,9.0,MENORES VALORES,384,9.0,MENORES VALORES
Descuentos no asociados a FC,PMP1263910,3.940000000409782,MENORES VALORES,384,3.940000000409782,MENORES VALORES
Descuentos no asociados a FC,PMP1263014,5.919999999925494,MENORES VALORES,384,5.919999999925494,MENORES VALORES
Descuentos no asociados a FC,PMP1263909,0.2600000000093132,MENORES VALORES,384,0.2600000000093132,MENORES VALORES
Descuentos no asociados a FC,PMP1263019,0.38000000081956387,MENORES VALORES,384,0.38000000081956387,MENORES VALORES
Descuentos no asociados a FC,PMP1262994,7.6400000005960464,MENORES VALORES,384,7.6400000005960464,MENORES VALORES
Descuentos no asociados a FC,PMP1262995,-0.6799999997019768,MENORES VALORES,WOB,-0.6799999997019768,MENORES VALORES
Descuentos no asociados a FC,PMP1263908,1.8599999994039536,MENORES VALORES,384,1.8599999994039536,MENORES VALORES
Descuentos no asociados a FC,PMP1263917,3.4799999967217445,MENORES VALORES,384,3.4799999967217445,MENORES VALORES
Descuentos no asociados a FC,PMP1263955,-0.13999999989755452,MENORES VALORES,WOB,-0.13999999989755452,MENORES VALORES
Descuentos no asociados a FC,PMP1263956,0.26000000163912773,MENORES VALORES,384,0.26000000163912773,MENORES VALORES
Descuentos no asociados a FC,PMP1263963,6.179999999701977,MENORES VALORES,384,6.179999999701977,MENORES VALORES
Descuentos no asociados a FC,PMP1265102,0.659999999916181,MENORES VALORES,384,0.659999999916181,MENORES VALORES
Descuentos no asociados a FC,PMP1265107,2.959999999962747,MENORES VALORES,384,2.959999999962747,MENORES VALORES
Descuentos no asociados a FC,PMP1263962,4.760000001639128,MENORES VALORES,384,4.760000001639128,MENORES VALORES
Descuentos no asociados a FC,PMP1263961,1.7000000029802322,MENORES VALORES,384,1.7000000029802322,MENORES VALORES
Descuentos no asociados a FC,PMP1264605,3.2599999997764826,MENORES VALORES,384,3.2599999997764826,MENORES VALORES
Descuentos no asociados a FC,PMP1264641,0.9200000000419095,MENORES VALORES,384,0.9200000000419095,MENORES VALORES
Descuentos no asociados a FC,PMP1265026,2.7399999983608723,MENORES VALORES,384,2.7399999983608723,MENORES VALORES
Descuentos no asociados a FC,PMP1265020,0.8799999989569187,MENORES VALORES,384,0.8799999989569187,MENORES VALORES
Descuentos no asociados a FC,PMP1260274,-1.0,MENORES VALORES,WOB,-1.0,MENORES VALORES
Descuentos no asociados a FC,PMP1263684,-1.0,MENORES VALORES,WOB,-1.0,MENORES VALORES
Descuentos no asociados a FC,PMP1259904,-0.0800000000745058,MENORES VALORES,WOB,-0.0800000000745058,MENORES VALORES
Descuentos no asociados a FC,PMP1258363,0.0800000000745058,MENORES VALORES,384,0.0800000000745058,MENORES VALORES
Descuentos no asociados a FC,PMP1265297,-0.27999999999883585,MENORES VALORES,WOB,-0.27999999999883585,MENORES VALORES
Descuentos no asociados a FC,PMP1265118,-0.35999999986961484,MENORES VALORES,WOB,-0.35999999986961484,MENORES VALORES
Descuentos no asociados a FC,PMP1266349,-0.11999999918043613,MENORES VALORES,WOB,-0.11999999918043613,MENORES VALORES
Descuentos no asociados a FC,PMP1266348,0.17999999993480742,MENORES VALORES,384,0.17999999993480742,MENORES VALORES
Descuentos no asociados a FC,PMP1266347,0.8599999999860302,MENORES VALORES,384,0.8599999999860302,MENORES VALORES
Descuentos no asociados a FC,PMP1265023,-0.14000000059604645,MENORES VALORES,WOB,-0.14000000059604645,MENORES VALORES
Descuentos no asociados a FC,PMP1266341,-0.8000000000465661,MENORES VALORES,WOB,-0.8000000000465661,MENORES VALORES
Descuentos no asociados a FC,PMP1265017,4.6400000005960464,MENORES VALORES,384,4.6400000005960464,MENORES VALORES
Descuentos no asociados a FC,PMP1265585,-1.0,MENORES VALORES,WOB,-1.0,MENORES VALORES
Descuentos no asociados a FC,PMP1265584,-0.9599999999627471,MENORES VALORES,WOB,-0.9599999999627471,MENORES VALORES
Descuentos no asociados a FC,PMP1263879,7.53999999910593,MENORES VALORES,384,7.53999999910593,MENORES VALORES
Descuentos no asociados a FC,PMP1263881,0.6400000001303852,MENORES VALORES,384,0.6400000001303852,MENORES VALORES
Descuentos no asociados a FC,PMP1264009,-1.0,MENORES VALORES,WOB,-1.0,MENORES VALORES
Descuentos no asociados a FC,PMP1263876,3.0,MENORES VALORES,384,3.0,MENORES VALORES
Descuentos no asociados a FC,PMP1266344,0.6200000001117587,MENORES VALORES,384,0.6200000001117587,MENORES VALORES
Descuentos no asociados a FC,PMP1266340,-0.08000000001629815,MENORES VALORES,WOB,-0.08000000001629815,MENORES VALORES
Descuentos no asociados a FC,PMP1263880,-1.8800000008195639,MENORES VALORES,WOB,-1.8800000008195639,MENORES VALORES
Descuentos no asociados a FC,PMP1260882,1.7799999993294477,MENORES VALORES,384,1.7799999993294477,MENORES VALORES
Descuentos no asociados a FC,PMP1260886,9.780000001192093,MENORES VALORES,384,9.780000001192093,MENORES VALORES
Descuentos no asociados a FC,PMP1260874,0.9599999999627471,MENORES VALORES,384,0.9599999999627471,MENORES VALORES
Descuentos no asociados a FC,PMP1260875,0.38000000081956387,MENORES VALORES,384,0.38000000081956387,MENORES VALORES
Descuentos no asociados a FC,PMP1265115,0.3799999998882413,MENORES VALORES,384,0.3799999998882413,MENORES VALORES
Descuentos no asociados a FC,PMP1265586,-1.0,MENORES VALORES,WOB,-1.0,MENORES VALORES
Descuentos no asociados a FC,PMP1265587,-5.160000000149012,MENORES VALORES,WOB,-5.160000000149012,MENORES VALORES
Descuentos no asociados a FC,PMP1264269,0.6600000001490116,MENORES VALORES,384,0.6600000001490116,MENORES VALORES
Descuentos no asociados a FC,PMP1266343,1.0199999995529652,MENORES VALORES,384,1.0199999995529652,MENORES VALORES
Descuentos no asociados a FC,PMP1266345,-0.3600000001024455,MENORES VALORES,WOB,-0.3600000001024455,MENORES VALORES
Descuentos no asociados a FC,PMP1258659,-1.0,MENORES VALORES,WOB,-1.0,MENORES VALORES
Descuentos no asociados a FC,PMP1261020,-0.44000000040978193,MENORES VALORES,WOB,-0.44000000040978193,MENORES VALORES
Descuentos no asociados a FC,PMP1261146,-0.599999999627471,MENORES VALORES,WOB,-0.599999999627471,MENORES VALORES
Descuentos no asociados a FC,PMP1262550,-2.6600000001490116,MENORES VALORES,WOB,-2.6600000001490116,MENORES VALORES
Descuentos no asociados a FC,PMP1260885,0.7800000011920929,MENORES VALORES,384,0.7800000011920929,MENORES VALORES
Descuentos no asociados a FC,PMP1260879,-0.3999999985098839,MENORES VALORES,WOB,-0.3999999985098839,MENORES VALORES
Descuentos no asociados a FC,PMP1261168,0.6000000014901161,MENORES VALORES,384,0.6000000014901161,MENORES VALORES
Descuentos no asociados a FC,PMP1261167,-0.08000000000174623,MENORES VALORES,WOB,-0.08000000000174623,MENORES VALORES
Descuentos no asociados a FC,PMP1261166,-0.1600000001490116,MENORES VALORES,WOB,-0.1600000001490116,MENORES VALORES
Descuentos no asociados a FC,PMP1261165,-0.23999999836087227,MENORES VALORES,WOB,-0.23999999836087227,MENORES VALORES
Descuentos no asociados a FC,PMP1261164,0.8499999940395355,MENORES VALORES,384,0.8499999940395355,MENORES VALORES
Descuentos no asociados a FC,PMP1260272,-2.1200000001117587,MENORES VALORES,WOB,-2.1200000001117587,MENORES VALORES
Descuentos no asociados a FC,PMP1261171,-0.1600000001490116,MENORES VALORES,WOB,-0.1600000001490116,MENORES VALORES
Descuentos no asociados a FC,PMP1261507,-0.6799999997019768,MENORES VALORES,WOB,-0.6799999997019768,MENORES VALORES
Descuentos no asociados a FC,PMP1261169,0.20000000298023224,MENORES VALORES,384,0.20000000298023224,MENORES VALORES
Descuentos no asociados a FC,PMP1259922,0.040000006556510925,MENORES VALORES,384,0.040000006556510925,MENORES VALORES
Descuentos no asociados a FC,PMP1259550,3.939999997615814,MENORES VALORES,384,3.939999997615814,MENORES VALORES
Descuentos no asociados a FC,PMP1259549,2.439999997615814,MENORES VALORES,384,2.439999997615814,MENORES VALORES
Descuentos no asociados a FC,PMP1261955,1.1199999999953434,MENORES VALORES,384,1.1199999999953434,MENORES VALORES
Descuentos no asociados a FC,PMP1262539,-1.4399999999441206,MENORES VALORES,WOB,-1.4399999999441206,MENORES VALORES
Descuentos no asociados a FC,PMP1261953,-0.27999999999883585,MENORES VALORES,WOB,-0.27999999999883585,MENORES VALORES
Descuentos no asociados a FC,PMP1262552,-0.43999999994412065,MENORES VALORES,WOB,-0.43999999994412065,MENORES VALORES
Descuentos no asociados a FC,PMP1262537,-0.8999999985098839,MENORES VALORES,WOB,-0.8999999985098839,MENORES VALORES
Descuentos no asociados a FC,PMP1261148,-0.3999999985098839,MENORES VALORES,WOB,-0.3999999985098839,MENORES VALORES
Descuentos no asociados a FC,PMP1261149,-0.3999999985098839,MENORES VALORES,WOB,-0.3999999985098839,MENORES VALORES
Descuentos no asociados a FC,PMP1261151,0.1599999964237213,MENORES VALORES,384,0.1599999964237213,MENORES VALORES
Descuentos no asociados a FC,PMP1261155,-1.0,MENORES VALORES,WOB,-1.0,MENORES VALORES
Descuentos no asociados a FC,PMP1259903,1.9200000017881393,MENORES VALORES,384,1.9200000017881393,MENORES VALORES
Descuentos no asociados a FC,PMP1262559,0.39999999990686774,MENORES VALORES,384,0.39999999990686774,MENORES VALORES
Descuentos no asociados a FC,PMP1259912,-0.3799999998882413,MENORES VALORES,WOB,-0.3799999998882413,MENORES VALORES
Descuentos no asociados a FC,PMP1260157,0.07999999821186066,MENORES VALORES,384,0.07999999821186066,MENORES VALORES
Descuentos no asociados a FC,PMP1260165,3.8399999737739563,MENORES VALORES,384,3.8399999737739563,MENORES VALORES
Descuentos no asociados a FC,PMP1260164,-1.280000001192093,MENORES VALORES,WOB,-1.280000001192093,MENORES VALORES
Descuentos no asociados a FC,PMP1260163,3.959999993443489,MENORES VALORES,384,3.959999993443489,MENORES VALORES
Descuentos no asociados a FC,PMP1260158,0.6400000005960464,MENORES VALORES,384,0.6400000005960464,MENORES VALORES
Descuentos no asociados a FC,PMP1260162,1.8400000035762787,MENORES VALORES,384,1.8400000035762787,MENORES VALORES
Descuentos no asociados a FC,PMP1261156,0.599999999627471,MENORES VALORES,384,0.599999999627471,MENORES VALORES
Descuentos no asociados a FC,PMP1261157,-0.5,MENORES VALORES,WOB,-0.5,MENORES VALORES
Descuentos no asociados a FC,PMP1261465,-1.1200000001117587,MENORES VALORES,WOB,-1.1200000001117587,MENORES VALORES
Descuentos no asociados a FC,PMP1261464,0.6000000000931323,MENORES VALORES,384,0.6000000000931323,MENORES VALORES
Descuentos no asociados a FC,PMP1262547,-0.720000000204891,MENORES VALORES,WOB,-0.720000000204891,MENORES VALORES
Descuentos no asociados a FC,PMP1261458,0.9199999999254942,MENORES VALORES,384,0.9199999999254942,MENORES VALORES
Descuentos no asociados a FC,PMP1261470,-0.2599999997764826,MENORES VALORES,WOB,-0.2599999997764826,MENORES VALORES
Descuentos no asociados a FC,PMP1261469,1.2399999999906868,MENORES VALORES,384,1.2399999999906868,MENORES VALORES
Descuentos no asociados a FC,PMP1261467,-0.08000000001629815,MENORES VALORES,WOB,-0.08000000001629815,MENORES VALORES
Descuentos no asociados a FC,PMP1261461,0.8000000007450581,MENORES VALORES,384,0.8000000007450581,MENORES VALORES
Descuentos no asociados a FC,PMP1261457,0.35999999940395355,MENORES VALORES,384,0.35999999940395355,MENORES VALORES
Descuentos no asociados a FC,PMP1261163,0.3200000002980232,MENORES VALORES,384,0.3200000002980232,MENORES VALORES
Descuentos no asociados a FC,PMP1261161,-0.019999995827674866,MENORES VALORES,WOB,-0.019999995827674866,MENORES VALORES
Descuentos no asociados a FC,PMP1261159,0.5400000065565109,MENORES VALORES,384,0.5400000065565109,MENORES VALORES
Descuentos no asociados a FC,PMP1261160,0.03999999910593033,MENORES VALORES,384,0.03999999910593033,MENORES VALORES
Descuentos no asociados a FC,PMP1261510,1.0,MENORES VALORES,384,1.0,MENORES VALORES
Descuentos no asociados a FC,PMP1260273,1.0,MENORES VALORES,384,1.0,MENORES VALORES
Descuentos no asociados a FC,PMP1261158,0.9600000008940697,MENORES VALORES,384,0.9600000008940697,MENORES VALORES
Descuentos no asociados a FC,PMP1261459,0.3999999985098839,MENORES VALORES,384,0.3999999985098839,MENORES VALORES
Descuentos no asociados a FC,PMP1262548,-0.08000000001629815,MENORES VALORES,WOB,-0.08000000001629815,MENORES VALORES
Descuentos no asociados a FC,PMP1261162,0.23999999999068677,MENORES VALORES,384,0.23999999999068677,MENORES VALORES
Descuentos no asociados a FC,PMP1260771,-0.5599999995902181,MENORES VALORES,WOB,-0.5599999995902181,MENORES VALORES
Descuentos no asociados a FC,PMP1261294,2.199999999254942,MENORES VALORES,384,2.199999999254942,MENORES VALORES
Descuentos no asociados a FC,PMP1261293,-0.12000000011175871,MENORES VALORES,WOB,-0.12000000011175871,MENORES VALORES
Descuentos no asociados a FC,PMP1261292,0.5600000023841858,MENORES VALORES,384,0.5600000023841858,MENORES VALORES
Descuentos no asociados a FC,PMP1261290,0.6000000014901161,MENORES VALORES,384,0.6000000014901161,MENORES VALORES
Descuentos no asociados a FC,PMP1261291,-0.12000000011175871,MENORES VALORES,WOB,-0.12000000011175871,MENORES VALORES
Descuentos no asociados a FC,PMP1261289,1.6400000000139698,MENORES VALORES,384,1.6400000000139698,MENORES VALORES
Descuentos no asociados a FC,PMP1261286,-0.03999999997904524,MENORES VALORES,WOB,-0.03999999997904524,MENORES VALORES
Descuentos no asociados a FC,PMP1261298,-0.39999999990686774,MENORES VALORES,WOB,-0.39999999990686774,MENORES VALORES
Descuentos no asociados a FC,PMP1261297,0.13999999966472387,MENORES VALORES,384,0.13999999966472387,MENORES VALORES
Descuentos no asociados a FC,PMP1262549,-0.24000000022351742,MENORES VALORES,WOB,-0.24000000022351742,MENORES VALORES
Descuentos no asociados a FC,PMP1261295,0.5,MENORES VALORES,384,0.5,MENORES VALORES
Descuentos no asociados a FC,PMP1259346,-0.27999999979510903,MENORES VALORES,WOB,-0.27999999979510903,MENORES VALORES
Descuentos no asociados a FC,PMP1259907,-0.47999999672174454,MENORES VALORES,WOB,-0.47999999672174454,MENORES VALORES
Descuentos no asociados a FC,PMP1258554,-1.199999999254942,MENORES VALORES,WOB,-1.199999999254942,MENORES VALORES
Descuentos no asociados a FC,PMP1258556,1.0,MENORES VALORES,384,1.0,MENORES VALORES
Descuentos no asociados a FC,PMP1260712,-0.5999999940395355,MENORES VALORES,WOB,-0.5999999940395355,MENORES VALORES
Descuentos no asociados a FC,PMP1260707,0.5,MENORES VALORES,384,0.5,MENORES VALORES
Descuentos no asociados a FC,PMP1260161,-0.4000000059604645,MENORES VALORES,WOB,-0.4000000059604645,MENORES VALORES
Descuentos no asociados a FC,PMP1260706,2.1599999964237213,MENORES VALORES,384,2.1599999964237213,MENORES VALORES
Descuentos no asociados a FC,PMP1260533,-0.20000000298023224,MENORES VALORES,WOB,-0.20000000298023224,MENORES VALORES
Descuentos no asociados a FC,PMP1260535,0.5,MENORES VALORES,384,0.5,MENORES VALORES
Descuentos no asociados a FC,PMP1260536,0.7599999979138374,MENORES VALORES,384,0.7599999979138374,MENORES VALORES
Descuentos no asociados a FC,PMP1260537,0.3200000002980232,MENORES VALORES,384,0.3200000002980232,MENORES VALORES
Descuentos no asociados a FC,PMP1259579,-1.0,MENORES VALORES,WOB,-1.0,MENORES VALORES
Descuentos no asociados a FC,PMP1259919,-0.19999999925494194,MENORES VALORES,WOB,-0.19999999925494194,MENORES VALORES
Descuentos no asociados a FC,PMP1259921,-2.0,MENORES VALORES,WOB,-2.0,MENORES VALORES
Descuentos no asociados a FC,PMP1259914,1.199999999254942,MENORES VALORES,384,1.199999999254942,MENORES VALORES
Descuentos no asociados a FC,PMP1258551,1.1200000001117587,MENORES VALORES,384,1.1200000001117587,MENORES VALORES
Descuentos no asociados a FC,PMP1259911,-2.0,MENORES VALORES,WOB,-2.0,MENORES VALORES
Descuentos no asociados a FC,PMP1261296,0.12000000011175871,MENORES VALORES,384,0.12000000011175871,MENORES VALORES
Descuentos no asociados a FC,PMP1260766,0.9199999999254942,MENORES VALORES,384,0.9199999999254942,MENORES VALORES
Descuentos no asociados a FC,PMP1260538,-0.019999999552965164,MENORES VALORES,WOB,-0.019999999552965164,MENORES VALORES
Descuentos no asociados a FC,PMP1261050,-1.3599999994039536,MENORES VALORES,WOB,-1.3599999994039536,MENORES VALORES
Descuentos no asociados a FC,PMP1261049,-0.7699999995529652,MENORES VALORES,WOB,-0.7699999995529652,MENORES VALORES
Descuentos no asociados a FC,PMP1259905,0.8599999994039536,MENORES VALORES,384,0.8599999994039536,MENORES VALORES
Descuentos no asociados a FC,PMP1260765,-0.9600000008940697,MENORES VALORES,WOB,-0.9600000008940697,MENORES VALORES
